﻿{
  "articleStockDetails": [
    {
      "col1": "<span style='color:forestgreen'>Stock on Hand</span><br/><span>XXXCar</span><br/><span>10 Each and Image</span>",
      "col2": "<span>Days on Hand<br/>XXXXX</span>",
      "col3": "<span style='color:forestgreen'>Stock on Hand</span><br/><span>XXXCar</span>"
    },
    {
      "col1": "<span style='color:forestgreen'>Min Pres Level</span><br/><span>XXX</span>",
      "col2": "<span>CAP<br/>XXXXX</span>",
      "col3": "<span>Facings</span><br/><span>XXXXX</span>"
    },
    {
      "col1": "<span>Last Delivery</span><br/><span>14/02/15</span>",
      "col2": "<span>Last Order Qty<br/>200</span>",
      "col3": "<span>Last Received Qty</span><br/><span>200</span>"
    },
    {
      "col1": "<span style='color:forestgreen'>Order Qty</span><br/><span>300 and Image</span>",
      "col2": "<span>Stock On Order<br/>57</span>",
      "col3": "<span>Stock In Transit</span><br/><span>50</span>"
    }
  ]
}