﻿{
  "searchResults": [
    {
      "typeNo": "187346",
      "description": "Lorem ipsum dolor sit",
      "rangeRecallIcon":"images/search-range.jpg#",
      "stdSellPrice": "$3.55",
      "stockOnHand": "61",
      "detailsIcon": "images/search-detail.jpg#"
    },
    {
      "typeNo": "187346 &nbsp;&nbsp",
      "description": "Lorem ipsum dolor sit",
      "rangeRecallIcon": "images/Search-NotRanged.jpg#",
      "stdSellPrice": "$3.55",
      "stockOnHand": "61",
      "detailsIcon": "images/search-detail.jpg#"
    },
    {
      "typeNo": "187346",
      "description": "Lorem ipsum dolor sit",
      "rangeRecallIcon": "images/search-range.jpg#",
      "stdSellPrice": "$3.55",
      "stockOnHand": "61",
      "detailsIcon": "images/search-detail.jpg#"
    },
    {
      "typeNo": "187346",
      "description": "Lorem ipsum dolor sit",
      "rangeRecallIcon": "images/search-range.jpg#",
      "stdSellPrice": "$3.55",
      "stockOnHand": "61",
      "detailsIcon": "images/search-detail.jpg#"
    },
    {
      "typeNo": "187346 &nbsp;&nbsp;&nbsp;&nbsp;&nbsp;&nbsp;&nbsp;&nbsp;",
      "description": "Lorem ipsum dolor sit",
      "rangeRecallIcon":"images/search-recall.jpg#",
      "stdSellPrice": "$3.55",
      "stockOnHand": "61",
      "detailsIcon": "images/search-detail.jpg#"
    }

  ]
}
